SARL_v60h4k6xm9,SARL_v63vmvzctf,SARL_v646shwf11,SARL_v65sf7npah,SARL_v67aa64utj,SARL_v68f0quk5p,SARL_v6a4ndkf8v,SARL_v6aj88rev9,SARL_v6evvdhzk7,SARL_v6f933l72m,SARL_v6ftpqxgnv,SARL_v6gnqw5ox5,SARL_v6j50z1e9w,SARL_v6k3hhcfwz,SARL_v6k5sw88ad,SARL_v6ktf02s20,SARL_v6kya2dxyh,SARL_v6lgpkenjy,SARL_v6n4gu2b5u,SARL_v6nat83vj0,SARL_v6ne1kg4lj,SARL_v6nw0j2uax,SARL_v6o7dfb9xv,SARL_v6ps9ech69,SARL_v6rt2s4yzx,SARL_v6tg11awsr,SARL_v6uxzaglpt,SARL_v6vxrt8tgj,SARL_v6xuywyznv,SARL_v6yyllsbjc
NaN,-0.5,0.5,-0.5,NaN,-0.5,0.5,-0.5,0.5,0.5,-0.5,0.5,0.5,0.5,NaN,0.5,-0.5,-0.5,0.5,0.5,0.5,0.5,0.5,-0.5,-0.5,-0.5,-0.5,-0.5,0.5,-0.5
NaN,0.511538484,-0.5,-0.252642286,-0.5,0.573755169,0.468733381,-0.49807335,-0.537711258,-0.832153591,-0.5,0.210697422,0.487850976,0.229079955,-0.5,-0.514059045,-0.492961288,0.5,-0.995659829,0.482245933,-0.522281729,-0.762242727,0.284375813,-0.5,0.5,0.503446014,-0.5,0.800655271,-0.5,-0.336712526
0.5,0.5,0.051613532,0.5,-0.342452314,0.48912035,-0.5,0.5,0.502844278,-0.279347984,-0.431357105,0.088786807,0.475997149,0.104955251,-0.437707426,0.500395313,-0.486021663,0.073954093,0.5,0.465122279,0.5,0.5,0.161739206,-0.480906875,-0.5176498,-0.50002375,0.878227145,0.5,-0.999999998,0.5
NaN,-0.500266273,0.005327913,-0.747357714,-0.234547174,0.416970042,0.439421965,0.503845876,0.464918497,-0.093775112,-0.431357105,0.037414303,0.464431348,0.048086289,-0.383175581,-0.5,0.5,0.010938416,0.004340171,0.448606654,0.477718271,-0.362457504,-0.908010563,0.537457155,0.500623031,0.503422427,-0.786111547,-0.680787184,-2.38E-09,0.336712526
7.71E-09,0.488461516,0.000549985,0.87234375,0.5,0.35546265,0.411943487,-0.498095593,0.429853174,-0.031479632,-0.372137904,0.015766194,0.453146572,-0.97796879,-0.335437594,0.486325153,0.520820269,0.001617881,-0.008642668,0.432677469,-0.499007049,0.237757273,-0.5,-0.483066318,-0.4823502,-0.500047174,-0.191454094,-0.271422673,-1.13E-17,0.226750651
-1,-0.488721645,5.68E-05,-0.377628323,0.342452314,0.303028234,0.386183327,-0.50192665,-0.5,-0.5,0.627862096,0.006643793,0.442135995,-0.5,-0.293647051,-0.485940955,0.492961288,-0.999760702,-0.999962326,0.417313899,0.456429494,-0.886942958,0.483567515,-0.464619827,-0.465323431,0.503399165,-0.121772855,-0.800655271,-5.38E-26,0.152699569
NaN,-0.522810694,5.86E-06,-0.559218161,0.234547174,0.258328437,0.362034033,-0.496176281,-0.602567434,-0.010567486,0.678951342,0.00279966,-0.568607047,0.551933907,0.74293701,0.472650619,0.513488462,-0.147872792,0.991319985,0.40249586,0.436089417,0.578245722,0.275029811,-0.446877739,-0.448897701,-0.5,-0.046627823,0.891786642,1,0.102831715
NaN,0.522556569,-0.999999395,-0.282564309,0.160642445,0.220222322,0.339394873,-0.494264365,0.442879718,-0.003547429,0.541665552,-0.998820238,0.445208995,0.252873989,-0.349621908,-0.472277224,0.486021663,-0.073954093,0.008604997,-0.611796017,0.416655765,-0.725035748,-0.843576348,-0.429813154,-0.433051792,-0.496553986,0.988643994,-0.644454067,-0.999999995,0.069249453
0.999999985,-0.489502452,-0.051613532,0.809190234,0.110024754,0.187737253,0.318171413,-0.492359816,0.409476615,0.998809153,-0.414259029,0.579102302,0.434391285,-0.884143276,-0.30606421,-0.540639413,-0.520820269,0.978128403,7.47E-05,-0.5,-0.601911856,0.655234955,0.52021458,0.519093125,0.582234763,-0.493131723,0.970342744,NaN,-4.76E-09,0.046634317
-0.5,-0.47820622,-0.005327913,-0.142775386,-0.160642445,0.160044067,0.298275124,0.500007424,0.378592858,-0.66470694,0.467302569,-0.755969276,-0.576163575,-0.405079003,-0.5,0.474562334,0.486511538,0.144673198,6.48E-07,-0.482245933,0.424911417,-0.172353816,0.295872889,-0.413400202,-0.438317891,-0.489733046,0.240780003,-0.256937043,-2.26E-17,0.031404717
1.54E-08,0.53282933,-0.103227002,-0.0721422,0.075356463,0.136435913,-0.720376985,-0.490462606,0.350038432,-0.223137346,0.403148566,-0.5,-0.562163925,0.81440904,-0.267933155,0.461218548,0.479662709,0.02139835,5.63E-09,0.409927719,0.405975896,0.311573752,-0.284375813,-0.397613998,0.482951238,-0.486357792,-0.763677188,0.680787184,-1.08E-25,0.021148723
2.22E-16,-0.479466756,-0.000549985,-0.591128658,0.05161199,NaN,0.32467052,0.511427294,0.323637652,-0.074905605,-0.357387151,-0.210697422,0.451495561,0.373129572,0.562292574,0.448249963,-0.527089706,0.989061584,4.89E-11,-0.465122279,0.387884206,0.148157851,0.168278187,-0.500729095,0.465903253,0.499929724,0.814009697,0.271422673,1,0.01424208
NaN,0.489254191,-0.01065582,0.963547659,0.035349291,0.116310205,0.304367821,-0.501919255,0.299228086,0.832153591,-0.652198003,0.911213193,0.4405251,-0.229079955,-0.234552663,0.435646031,-0.493740133,0.146290305,4.24E-13,-0.60462805,0.370598745,-0.929548787,-0.904291508,0.617569389,0.449457055,0.496484195,0.058640937,-0.10243809,-0.999999995,0.009590974
0.999999992,-0.468402117,-5.68E-05,-0.513134233,0.024210893,-0.900846753,0.285334716,0.500014791,0.276659551,0.279347984,0.437339515,-0.616019459,0.4298212,0.170953011,0.49223927,0.423396497,0.480330359,-0.978362466,3.66E-15,0.416841164,0.354083584,0.557986031,0.485682734,-0.40601327,-0.566408599,0.493062412,-0.801751431,-0.040840987,-4.76E-09,0.006458802
NaN,-0.522036312,-0.001099969,0.701311809,0.016582153,0.232037456,0.267491813,0.509456611,0.255793191,-0.025145274,0.377299014,-0.259587424,0.419377384,0.078323816,0.430913568,0.411491396,-0.486789544,-0.144707818,0,0.402039912,0.338304395,0.265330474,-0.723767155,-0.390509146,0.453585398,-0.483005801,-0.195263121,0.108213358,1,0.004349519
0,0.490010703,-5.86E-06,-0.259278812,-0.988642807,0.197809533,0.250764684,-0.492506479,0.236500625,0.093775112,-0.308322974,0.681438445,0.409187332,0.035884833,0.377228137,-0.600078956,0.473568545,0.003164991,0,0.387764224,0.323228382,-0.8738315,-0.411643747,0.624402934,0.437574015,-0.479676912,-0.985718252,0.983717129,-0.999999995,-0.997070925
0,0.478702742,-6.05E-07,0.354362037,0.322873967,0.168630582,-0.764916444,-0.490608703,0.218663152,NaN,-0.265994611,0.287154647,0.399244878,-0.983559008,0.330231113,0.416794118,0.46690192,-0.999531872,-1,-0.62600456,0.308824207,0.584480411,0.838260794,0.518391871,-0.577872173,-0.476370965,0.759932549,NaN,-4.76E-09,-0.226750651
0,NaN,-6.24E-08,0.179053671,-0.110024754,0.143755828,0.282916258,0.498088084,0.202171027,NaN,-0.22947733,0.121005488,0.389544007,-0.104955251,0.289089221,0.405074664,-0.479936801,0.852161054,0.999924979,0.396223694,0.295061933,0.277928937,0.47676219,0.49859643,0.442526484,-0.473087804,-0.047555495,0.043143525,0.999999995,0.32854746
NaN,0.467655734,0.999886453,-0.131009583,0.221137874,-0.877449643,-0.734775412,-0.488718241,0.186922779,0.031479632,-0.674498779,-0.949008911,0.380078848,0.549372694,0.253072997,0.393684738,0.460329144,0.126041596,-0.991320309,-0.61784547,-0.718087047,0.132159252,0.765876949,-0.399440672,-0.422845445,0.489664213,-0.011581937,-0.607802351,4.76E-09,-0.77874791
-0.999999985,0.456863658,0.103215343,-0.066197121,-0.848541647,0.25198325,-0.688827526,0.496168801,-0.827175407,0.010567486,0.418100319,-0.109388802,0.370843674,-0.748299456,0.22154386,0.382615075,0.453848896,0.018642584,0.991319658,0.40409307,0.313913395,0.062843647,-0.564406239,-0.520443098,0.426905476,-0.46982727,-0.002820731,0.75767561,0,0.475571648
0,0.44632063,0.010654617,-0.033448384,-0.075356463,0.214813116,-0.645752911,-0.505743086,0.235212244,0.003547429,0.360701086,-0.046095877,-0.638167104,-0.342840811,NaN,0.37185667,0.447459873,0.002757391,0.008604994,0.389744479,0.299924328,0.029883068,-0.728840729,-0.500569328,-0.588164116,0.533410793,0.185078312,-0.697922722,0,0.847300431
0,0.436020903,0.001099845,-0.016900953,NaN,0.183125961,0.394628109,0.496205693,0.217471945,0.001190847,-0.688818048,-0.019424565,-0.622660889,0.842924085,0.794669115,0.361400771,-0.473180527,NaN,7.47E-05,0.37590538,0.286558664,0.014209834,-0.321006967,0.518545538,0.59208083,-0.470265489,-0.000686977,0.721745568,0,0.320261862
-1.54E-08,-0.574041137,-0.999886466,-0.008539791,-0.05161199,-0.843887012,-0.630049264,0.494293664,-0.798930337,0.000399759,-0.197973354,0.600092538,0.392468556,0.386194023,-0.304334855,0.351238872,0.44116079,-0.021403471,6.48E-07,0.362557681,0.273788619,0.006756983,0.817426766,0.498744228,0.432597841,-0.467024407,0.045075029,0.017200869,-2.26E-17,-0.429406663
-1,0.439205992,-6.45E-09,-0.004315024,0.418829899,0.280595047,0.409349756,0.492389002,0.261327,0.000134196,0.405746882,0.252875901,0.382932336,0.176938619,0.193942785,NaN,0.434950383,-0.003165749,5.63E-09,0.349683934,0.261587651,0.003213044,0.464912803,0.479699057,-0.428819386,0.486289434,-0.98902217,0.287752349,0,0.215672361
-1.54E-08,-0.570929551,0.896784655,-0.002180315,NaN,0.239204376,0.383751791,0.490491679,0.24161706,4.50E-05,0.350043601,0.106560601,-0.5,0.081066181,0.169780395,-0.658637294,0.428827402,0.000407841,4.89E-11,0.337267309,0.249930401,-0.998472151,-0.41452935,0.461381149,0.417327311,-0.463805662,-0.00016731,-0.885276172,-1,-0.289173204
-2.38E-16,0.542407184,-0.907427553,-0.909526943,0.964650709,-0.796080742,0.359754549,0.513164937,-0.776606307,-0.999984877,-0.698012411,-0.955095912,0.373627827,-0.962858726,-0.851371721,-0.640117672,0.422790617,-0.999939677,-1,-0.674708424,-0.761207361,0.525211968,-0.735580087,0.443762733,-0.597404176,-0.517062086,0.759127894,0.647049723,-4.76E-09,-0.854760829
-3.66E-24,0.529890071,0.999999999,-0.459569932,-0.713141464,-0.678650603,-0.662742068,-0.511398332,-0.718032705,-0.335687742,-0.602185226,0.991814588,NaN,0.558856733,0.733580748,0.541002309,0.416838815,0.99953176,-0.008680342,-0.650750786,-0.72728533,-0.750254069,-0.235764242,-0.573182901,-0.576316048,-0.51349848,0.184882341,-0.993142195,-2.26E-17,0.424382644
1,-0.557754228,0.103227064,NaN,-0.488433889,-0.578542623,0.531266619,-0.509427761,-0.663876871,0.991558912,0.829205575,-0.582054446,-0.487850976,-0.74395425,0.254696551,-0.622118786,-0.589029202,0.14783893,-7.53E-05,-0.627643839,0.305125019,-0.356756723,0.581637629,-0.551295196,-0.555972322,0.5393909,0.999959252,0.604044677,-1.08E-25,-0.714210096
1.54E-08,-0.544882952,0.010655827,0.767786403,-0.33453063,0.5,-0.621298661,-0.507464783,0.537711258,0.332859206,-0.519513751,0.754725257,-0.6354506,-0.340850012,-0.777034856,NaN,0.533480635,0.021866588,0.991395,0.551393346,-0.708472407,0.918043254,-0.669192652,-0.5302433,-0.413682234,0.535673403,0.243535785,-0.759173755,1,0.519033029
-1,-0.532308705,0.00109997,-0.612049375,0.770878423,-0.493201605,-0.582446844,0.511187559,-0.613805606,NaN,-0.284632568,-0.402472493,0.524002851,0.843836189,-0.357812518,-0.474209642,0.525970602,0.003234247,-0.991394352,-0.605357377,-0.676900427,0.436542921,-0.38060441,-0.509995297,0.600920584,0.490040565,0.059312096,-0.302674573,-0.999999995,-0.650470155
1,-0.520024635,-0.999886453,0.690740893,-0.472021801,0.426244831,-0.546024557,NaN,0.497155722,0.111738445,-0.448191895,0.318037332,-0.62001039,0.951913711,-0.680227853,0.539124227,0.419262812,0.000478372,-6.54E-07,-0.583862266,-0.646735404,0.207582509,-0.216469377,-0.490520489,0.579708328,-0.513336808,-0.954972699,0.257971903,-4.76E-09,0.561957101
-0.999999985,-0.508024043,-0.093671083,-0.650979283,0.660693734,0.363369312,-0.511879874,0.5092178,0.459658986,NaN,0.613338483,0.134019292,0.395054652,0.386611912,-0.595481565,0.523965084,NaN,-0.999929245,0.991394358,-0.468185604,0.52323043,0.098708502,0.865908704,-0.471789352,-0.536346722,-0.509798877,0.014445206,-0.120673161,1,0.80526352
-1.54E-08,NaN,0.896784657,-0.328929789,0.452512196,0.309768582,-0.479870368,-0.492744369,-0.567510843,-0.112687964,-0.470864175,-0.169599833,0.511270604,0.177130079,-0.521293405,NaN,0.518566291,0.852102279,0.008605642,0.548438794,0.499913473,0.046937329,-0.507513016,0.546226514,-0.517413898,-0.506285329,0.003518068,0.102850678,-0.999999995,-0.621564009
NaN,0.503699611,0.092572448,-0.00110168,-0.323289916,-0.735925487,-0.501955203,0.509154323,-0.524707747,NaN,-0.406221215,0.056475039,-0.614544405,-0.918846099,-0.313234392,-0.490767813,0.511266214,0.126032903,-0.9999253,0.528964755,0.477635601,0.022319383,0.711351146,0.615812469,0.559244856,0.497204003,0.00085681,0.041005481,1,0.581423224
NaN,-0.482338185,0.009555982,-0.000556662,NaN,-0.420449269,-0.470566319,-0.505509369,-0.575009651,0.037509794,0.649547186,-0.071468495,0.400387825,-0.420978446,-0.456347989,-0.604625994,0.413360672,0.018641298,0.999999994,-0.489817797,-0.543649493,0.010613191,-0.12311731,-0.474631828,-0.499149394,0.531981527,-0.232579503,0.016348453,-4.76E-09,0.391544965
NaN,-0.507924248,0.000986436,0.999718727,0.309927697,0.641571345,-0.44986252,0.507192398,0.514867032,NaN,0.560373587,0.02379829,-0.609340818,-0.5638713,0.725789961,0.52303164,0.504068903,0.002757201,-0.991319658,-0.563130406,0.382085362,0.005046727,0.404582122,0.543492582,0.518470379,0.528315096,0.000208672,0.006517956,4.76E-09,0.542284628
-2.38E-16,-0.496202897,0.000101827,0.50514245,NaN,0.372631131,-0.441140283,0.505238034,-0.523965535,0.012591768,0.754443439,-0.030116455,-0.594535025,-0.192875447,0.635367311,0.412374934,NaN,0.000407813,-0.008604994,0.456865305,0.365058317,0.002399792,0.23010674,-0.477261362,0.539503737,-0.50622274,5.08E-05,0.00259864,0,-0.634811946
NaN,0.528792717,-0.999989489,0.255240687,0.212270914,0.317664187,0.586445647,0.5032912,0.468359024,NaN,0.483442256,0.010028477,-0.580088985,-0.088367797,0.55620998,-0.599220261,-0.592458382,-0.999939681,-7.47E-05,-0.47242528,0.348790056,0.001141136,0.130873583,-0.45903654,0.520459471,-0.502733839,-0.999987623,0.00103605,0,-0.736323811
-3.66E-24,0.516589785,0.896774021,-0.871030819,-0.854614669,0.270805435,0.549773302,0.501351868,-0.484446736,0.004226966,-0.582927496,0.004225948,-0.565993954,0.741656776,-0.399493807,NaN,-0.584118094,0.852100735,0.991320306,0.44064287,-0.666753234,0.000542627,0.074434563,-0.4077031,0.50208746,-0.499268984,-0.05664374,0.000413062,0,-0.495858901
NaN,0.515247962,0.09257135,0.559881565,0.414670459,-0.453067061,0.515394197,0.499420009,-0.447908544,0.001418962,-0.502899834,0.001780793,-0.552241406,0.339797402,0.486914477,0.417628668,-0.575895216,-0.873967326,-0.991395,0.54434966,-0.637040405,0.000258027,0.042334779,-0.441507656,-0.499831417,0.524673934,0.756457305,NaN,0,-0.333923807
NaN,-0.496642399,-0.990444131,0.282899517,NaN,0.230858834,0.483164929,0.497495593,-0.566965793,0.000476335,0.650869075,0.000750417,0.498847726,0.155681547,-0.573747836,-0.594114253,-0.567788095,0.870733078,0.999999352,0.424996463,NaN,0.000122696,0.024077974,-0.424648135,-0.482187568,0.504171992,0.184231931,0.000164684,0,0.572501732
-1.54E-08,0.504668459,-0.009669391,0.142944762,0.284009716,0.196804769,-0.42173116,0.495578594,0.475796194,-0.999840098,0.561514,0.000316222,0.4867267,0.071327043,0.497732624,-0.577408895,0.440204898,0.12878855,-0.991319663,-0.590094368,0.480577408,5.83E-05,0.013694387,-0.408432415,-0.46516654,-0.499302775,-0.955131104,-0.999934342,0,-0.224872657
-5.65E-32,0.493022241,0.999001857,0.072227783,0.194519569,-0.832225969,0.452951062,0.49366898,0.439910448,0.664360859,0.484426107,0.000133254,-0.538823018,0.032679192,NaN,-0.56117326,-0.565992053,NaN,-0.008604994,NaN,0.459161217,2.77E-05,0.007788705,0.607164087,-0.448746348,-0.495861567,-0.232618082,0.601336719,-2.26E-17,0.385537009
NaN,NaN,-0.896875971,-0.963504416,-0.221422759,0.290535965,0.424626566,0.491766726,0.406731295,0.223021169,0.417921286,-0.012690919,0.474900191,0.014972296,0.435722531,-0.54539414,-0.558024343,-0.147899264,-7.47E-05,-0.569141218,0.438699406,1.32E-05,0.004429839,0.607865553,0.484363974,0.521057867,-0.01379534,0.239746611,-1,-0.740369719
-8.71E-40,-0.518355217,-0.092581874,-0.166203148,NaN,-0.386234986,0.398073292,0.489871801,0.376054597,-0.925133395,-0.433858833,5.62E-05,0.463361044,-0.993140294,-0.349722811,-0.530058699,-0.550168798,0.019048881,0.991394352,-0.548932075,-0.608651682,-0.999993727,0.002519478,-0.416021232,0.567094218,0.507555924,0.943346864,NaN,-1.08E-25,0.501416483
-1.34E-47,0.49360685,0.89775936,0.513156083,-0.151653472,0.247678907,-0.395358945,0.487984178,0.585873846,0.689439363,0.360546632,2.37E-05,0.452102275,0.544982932,NaN,NaN,-0.542423839,0.978124488,0.008605642,-0.529440521,-0.581528059,-0.169643011,0.001432957,-0.400134942,0.54707602,0.504057835,0.229748081,NaN,-4.76E-09,-0.662333579
1,0.4822159,0.092673063,-0.740710148,-0.103868165,0.211143707,0.37318048,0.496438511,0.347691613,0.231439843,0.311048703,9.97E-06,0.441117072,0.249689331,-0.306152543,-0.515154461,-0.534787908,0.144672619,7.47E-05,-0.510641075,-0.555613158,0.524488437,0.000814997,-0.384855289,-0.472235545,-0.499416145,-0.944045841,0.095584446,1,0.553967975
-2.07E-55,-0.485181398,0.009566368,-0.083979886,0.133227353,-0.820002172,0.349844296,-0.505474416,0.321467836,-0.922307307,0.268346136,4.20E-06,0.430398788,0.114397641,0.381437974,-0.500669302,0.496972912,-0.978601735,6.48E-07,0.525020819,0.419149444,-0.080667719,0.000463531,-0.370159109,-0.455565819,-0.495974156,-0.003359796,0.038108511,-0.999999995,0.373055913
1.54E-08,-0.473984883,0.000987508,0.62573059,NaN,0.300956625,-0.6720326,-0.503526671,0.297221923,NaN,-0.37429618,1.77E-06,0.419940937,0.052412413,0.333916468,-0.486591437,-0.527259473,-0.144743208,5.63E-09,-0.492509163,0.400470695,0.249401881,0.000263634,0.643975879,0.560515472,-0.482533278,0.770081686,-0.048111117,-4.76E-09,-0.748774802
-3.19E-63,0.536953251,-0.999898062,0.316172013,-0.90875197,-0.743437588,0.369991774,0.486103828,0.274804697,0.690388061,0.231506025,7.46E-07,-0.590262808,0.024013266,0.292315435,0.50832499,0.489976813,0.002817485,-1,-0.493621691,0.382624337,0.118594222,0.000149942,0.584653447,0.467266119,-0.492555888,-0.000818264,0.015193462,1,-0.504243711
1,0.524561998,-0.103216542,-0.840243159,-0.622408429,-0.633772858,-0.653145009,0.498413568,0.254078235,-0.768241686,-0.800276463,3.14E-07,0.47426933,0.959513418,0.255897273,0.527090584,0.480162982,0.978591295,-0.008680342,0.523905895,-0.634426727,-0.943606722,-0.99991472,-0.437672275,0.5407295,0.51083882,0.18755009,-0.993942527,4.76E-09,-0.339570348
1.54E-08,-0.52891218,0.990443045,-0.424561906,-0.426290413,-0.540284809,0.629364129,0.496493031,-0.765084985,-0.257893217,-0.690409876,-0.999999868,0.424079426,0.439610581,-0.775983727,NaN,0.473403525,0.144741664,0.999999352,-0.494697026,0.469146885,0.961641326,-0.070023171,-0.380615145,-0.549228187,-0.492681895,-0.95432298,0.980818605,-1,-0.228675179
2.22E-16,-0.516706491,-0.897759472,-0.214524581,0.928860213,-0.460587214,-0.612301737,0.494579894,-0.707380349,-0.086572901,-0.595626411,0.994652112,-0.586224876,0.201411944,-0.679307679,0.512269804,0.466739223,0.021408477,0.008680337,0.524978919,0.448240078,0.457274439,0.960174208,0.63391912,-0.529840652,-0.489286318,0.999800715,0.391042038,-4.76E-09,-0.151434881
0,0.512456698,-0.010654741,-0.108395961,NaN,0.670738668,-0.574012527,0.49267413,-0.654027943,-0.029061901,-0.322910633,-0.421394788,0.428019244,0.092278878,-0.594676031,-0.502134244,-0.539831263,0.003166489,-0.999924652,0.506337897,0.42826495,0.217440647,0.546100643,-0.390287873,-0.51113749,-0.485914143,0.243497174,0.155904338,-2.26E-17,-0.153995595
-1,-0.504782472,-0.001099858,-0.054770807,0.636180658,0.57179778,0.590007953,0.490775708,0.39530049,0.96217146,0.486144632,0.419141272,-0.582380788,0.042278482,0.731989517,0.511984811,0.46776817,0.00046835,-7.53E-05,0.488358782,0.409179983,0.103396191,-0.689404371,0.624615757,0.506905459,-0.48256521,-0.232421267,0.062157416,1,-0.103704492
0.999999985,-0.499369249,-0.000113535,-0.027674844,-0.564276923,0.487451696,-0.538117666,-0.511115398,-0.634514067,NaN,0.721420408,0.176623971,-0.568230072,-0.980629694,0.479411771,NaN,-0.516920798,-0.999930727,-0.008679688,-0.528981927,0.390945509,0.049166393,0.607900142,0.600764024,0.489011899,-0.479207646,0.059302692,0.024781506,4.76E-09,-0.069837203
-1,0.512154679,0.907326925,0.986016328,0.613524124,-0.584452469,-0.504467426,0.490854083,-0.58665742,0.322994049,0.419403882,0.074428431,0.462745511,0.550714788,NaN,0.497588777,-0.5388168,-0.999583271,-6.54E-07,0.489801234,0.373523625,0.023379335,-0.568703124,0.577823099,0.471749975,0.524095067,0.014442916,0.009880125,-1,0.898019957
1.54E-08,-0.499664298,0.093660695,0.498218839,0.420205512,0.501760313,-0.472921444,0.488962675,-0.458314234,0.108426783,-0.638174312,-0.177573591,-0.55442319,0.252315437,-0.359205506,-0.505968138,0.468768352,-0.147846549,0.999924657,-0.527590694,-0.643121879,0.011117214,0.345744195,0.579040787,-0.54490261,-0.479517011,-0.99648249,-0.396274407,NaN,0.604749137
NaN,0.511866439,0.009668319,0.251742293,0.287800699,-0.572254521,-0.443348135,0.487078555,-0.423747021,0.036398092,-0.377620363,0.031363757,0.451501698,-0.884399182,-0.580315816,-0.491741281,0.462169301,-0.14789794,0.008679688,-0.477131258,0.385537855,0.005286397,-0.323450827,-0.443070609,-0.525667766,-0.476212167,0.757310965,-0.996060898,0.999999995,0.40725322
2.22E-16,-0.493133623,0.000998032,-0.872798503,NaN,0.512158937,NaN,0.485201695,0.608213046,0.012218578,0.449437953,-0.986783475,0.440531088,-0.988998084,-0.314453834,0.483597531,-0.509643885,0.978124684,7.53E-05,-0.460189217,0.368356956,-0.997486241,-0.803357427,0.555758202,-0.507111905,-0.472930099,-0.815560164,0.602881021,4.76E-09,-0.725745479
0,-0.481753595,-0.999896976,-0.441011619,NaN,0.436610199,0.584375859,0.483332067,-0.54241024,0.004101689,0.674221547,-0.074828596,0.429827043,0.546880727,0.491982917,0.469999692,0.455663148,0.144672648,-0.999999346,0.491143068,0.351941696,0.525680783,0.543089157,-0.426151404,-0.489211057,0.520760643,-0.056605202,0.240362307,0,-0.488735188
NaN,0.500054114,-1.17E-05,0.777163633,-0.291968277,0.372205681,-0.452167055,-0.518530356,0.562340087,-0.998623092,0.581660509,0.584174532,0.419383084,-0.749441175,0.724722443,-0.477914455,0.449248585,0.021398269,-5.68E-09,0.473703493,-0.663742042,-0.750031141,-0.691117159,0.53453588,0.521641965,-0.469670652,0.801373821,0.095829918,0,0.67087348
NaN,NaN,0.99999879,-0.607311206,-0.199970424,-0.682698505,-0.423891585,0.483467697,-0.501500295,-0.335230601,-0.612263492,0.246168136,-0.540951788,-0.343363901,0.430689152,NaN,0.442924323,0.003164979,0.991319663,0.456883166,0.365836598,0.643349282,-0.393074008,-0.48587604,-0.471942103,-0.466433669,0.195171156,0.038206378,0,0.451783009
NaN,0.488514381,0.10322694,-0.306864983,-0.802883969,0.418006582,NaN,-0.518395249,0.53632412,-0.009755872,0.501806787,0.103733983,-0.590807106,0.594803751,0.37703168,0.456784199,0.436689089,0.000468126,0.008604994,0.440660097,-0.650466346,-0.694078058,-0.183963184,0.532677744,0.503228213,-0.463218996,0.047533098,0.01523248,0,-0.047030122
NaN,-0.52275905,0.010655814,-0.155054142,0.450101054,0.35634629,-0.397384272,0.483602283,0.519926982,-0.003274976,0.432915845,0.043712966,0.423548353,0.272515233,-0.36556721,0.4439403,-0.569458368,-0.99993076,7.47E-05,0.425013078,0.378520683,0.669955787,0.776438518,0.512336778,0.485464459,-0.460026478,0.011576482,-0.993926971,0,-0.031671262
NaN,0.489304644,-0.998900032,-0.078346466,NaN,-0.696218472,-0.372534547,0.481738819,-0.519287219,0.887465495,-0.528208414,-0.981579582,0.413256955,-0.875144446,-0.669940868,NaN,0.438558139,NaN,-0.999999352,0.409921657,NaN,0.551301278,-0.10462936,0.492772558,-0.455282736,-0.456855963,0.002819403,NaN,0,-0.021328222
NaN,0.478012977,0.896886482,0.96041274,0.308276295,0.406480951,0.553112845,0.479882534,-0.504126795,-0.702084207,0.373482652,0.968467616,0.403215618,0.5990439,0.413523814,0.431457547,-0.502469412,0.852102055,0.991319663,0.395366103,0.361652493,0.318573722,0.44160067,0.473955422,NaN,0.517171546,-0.013785954,0.603731795,0,0.304241997
NaN,0.466981887,-0.10321643,NaN,0.211139861,0.607354161,0.518524908,0.478033403,-0.466104284,0.764315374,0.322208791,0.586367425,0.393418265,0.274457899,NaN,0.419325785,0.43238437,-0.87396713,-0.991395006,0.38132739,-0.606154478,0.262151777,-0.7488389,0.455856842,0.468327758,0.513607186,-0.00335751,0.240701502,0,0.204884183
0,0.456205361,-0.907417041,-0.514718259,0.144610668,0.346520808,0.486099867,-0.523808603,0.51987873,0.256575182,0.277974102,0.24709221,0.383858969,0.125745606,0.362004889,0.407535145,0.426297512,0.870733107,-4.93E-11,-0.632212834,-0.579142139,0.151486439,-0.059508119,0.438449379,0.451795975,-0.453707299,0.000686653,0.095965151,-1,0.137974142
0,0.445677524,-0.093669997,-0.260079196,NaN,0.295405406,0.455702468,0.478209788,-0.519331832,0.086130446,-0.455692905,0.104123383,0.374531945,-0.942388404,-0.683095544,0.396076035,0.420296341,0.128788555,-0.008605648,0.390235864,0.446666437,-0.875343017,0.574096657,0.421706642,-0.564152242,0.549419664,-0.000817707,-0.157990429,-4.76E-09,0.092915244
NaN,NaN,-0.009669279,-0.131414005,NaN,-0.748169945,0.427205918,0.476367103,0.569050475,0.028913372,0.606867256,-0.59189274,0.36543155,-0.157315574,NaN,-0.464476414,-0.495395937,NaN,-4.28E-13,-0.623620683,0.345536008,-0.416238337,0.326518408,-0.40987828,-0.544237893,0.545633049,0.000167231,-0.961739706,1,-0.937428547
0,0.435392639,0.989345271,0.933598531,NaN,0.362192857,0.400491349,0.474531517,-0.480162518,0.009706011,0.239812208,0.043877057,0.356552277,0.568235414,-0.597991984,0.384939134,-0.488422039,0.019048882,0.9999253,0.398522924,0.330137729,-0.197927384,-0.814292124,0.405603247,0.474973486,-0.458127469,4.07E-05,0.616564518,4.76E-09,0.368712131
0,0.425345097,0.102127208,-0.528267066,-0.900955484,0.308765666,NaN,-0.527296995,-0.473868744,-0.001099386,0.206889399,-0.981510435,0.347888752,-0.739657314,0.679977035,0.374115381,-0.585620348,0.002817486,0.008679694,-0.615627882,-0.68457435,-0.927965995,0.53687003,0.39011478,0.458207112,-0.489932609,9.92E-06,0.245817773,0,-0.751700014
-1,-0.584470578,-0.989457708,-0.266925198,-0.136960669,0.263219538,0.375447328,0.474734838,0.556052547,NaN,-0.821513575,-0.249420549,0.339435735,-0.338881328,-0.523491064,NaN,0.422623678,0.000416729,7.53E-05,0.406231916,NaN,0.558738671,0.305345703,0.37521776,0.560788562,0.51344402,2.42E-06,0.098004955,0,0.493786379
-1.54E-08,0.529363818,0.897861185,-0.134873185,NaN,0.224391935,0.351969391,-0.527094457,-0.438128371,0.003258238,0.291268565,0.586396564,0.331188109,0.844738161,-0.458271852,NaN,0.416674225,6.16E-05,-0.999999346,0.391807379,0.34593265,0.265688366,0.173665865,0.360889601,-0.459007049,0.50990535,-0.000199149,-0.960926458,0,-0.667471882
NaN,-0.57098277,-0.907316425,0.93185066,NaN,-0.808708195,0.329959605,-0.525063404,0.594916373,-0.998906233,0.523553005,-0.752895512,-0.676859116,-0.61297484,NaN,-0.636404029,0.410808525,-0.999990883,-3.71E-15,0.377895029,NaN,-0.873661317,0.098772743,-0.65289142,0.557195716,-0.493608931,5.88E-07,NaN,-1,-0.449492287
1,-0.557806219,0.999001869,0.470849763,NaN,0.310584624,0.309326163,-0.523040177,-0.485886335,-0.335325649,-0.74871847,0.682733713,-0.660412761,-0.280840497,0.598822015,-0.618509564,-0.5949746,-0.147906838,-0.008680337,-0.443848756,NaN,-0.415438665,0.056177158,-0.627959945,0.53752693,-0.490206965,-0.999999857,-0.383111248,-4.76E-09,-0.302699367
1.54E-08,-0.544933743,0.10312403,0.237913121,-0.61706858,-0.735229819,-0.710017003,-0.521024747,0.550046283,-0.112566412,0.354069937,0.287700467,-0.644366019,0.871330143,0.524217685,-0.601118256,-0.481546315,-0.021876632,-3.22E-17,0.571911486,NaN,0.90588265,-0.96804915,-0.60398051,-0.557967415,-0.486828446,0.999951498,-0.152742416,-2.26E-17,0.985637041
-1.54E-08,-0.482852294,0.010645191,0.12021383,-0.093804996,0.37322418,0.334382659,-0.519017082,-0.491439592,NaN,0.305461166,-0.878764507,0.472192284,-0.60079146,0.458907947,-0.584215959,-0.586598891,0.978132285,0.999924652,-0.448396024,-0.669483305,0.430760377,-0.550579529,-0.580916759,-0.538271389,-0.483473211,-0.756466103,-0.060896791,-1.08E-25,-0.336247323
-2.38E-16,0.467641676,0.001098872,0.060742194,-0.422633126,-0.681830245,-0.686527372,-0.517017153,-0.454373981,0.999630944,0.451676617,0.894895467,0.371290817,0.927924311,0.401734832,0.548583776,-0.57834109,-0.003235733,-0.991320312,-0.635523318,NaN,-0.197547128,0.686856997,-0.558733727,0.480729376,0.545029958,0.815765926,-0.024278909,1,-0.203845337
2.22E-16,-0.543150076,0.000113433,0.030692093,-0.289463384,-0.581253235,0.356403408,NaN,-0.420103952,0.962212264,0.263525688,0.629693168,-0.637730825,0.724741439,0.351684638,-0.466841352,-0.570199537,0.144673772,1,0.567525682,0.426761436,-0.795167175,-0.609348965,0.462602218,0.463759821,0.5198589,0.198676291,-0.009679745,-0.999999995,0.773562628
NaN,-0.530615819,1.17E-05,0.015508241,-0.198254811,0.517763144,0.334116349,-0.515024931,0.611581346,-0.676992253,0.389667836,0.377104335,0.377764789,-0.667952528,0.307869955,NaN,0.437827403,0.021398435,0.008680342,-0.612957071,-0.639648814,-0.093936533,0.966154661,0.444937175,-0.552610715,0.541273596,-0.243545674,-0.003859212,-4.76E-09,0.520936454
-1,-0.518370815,1.21E-06,0.007836075,-0.064247476,0.441387727,-0.686777028,-0.513040385,-0.449239565,-0.664431071,-0.663828021,0.158909823,0.368585842,-0.30602907,0.269513931,-0.453714665,0.431663921,0.003165004,-0.999924652,0.408807892,NaN,0.621886442,-0.346568215,-0.572053307,-0.533103778,0.537543124,0.940685496,-0.001538627,1,-0.649188341
-3.66E-24,0.528290473,1.25E-07,-0.996040552,-0.135785638,0.376278474,-0.643830637,-0.511063487,0.565454341,-0.227261438,0.427306133,0.06696378,-0.640370074,0.425137718,0.235936498,NaN,-0.574412794,-0.000478591,-0.008605,-0.605708114,NaN,-0.704283951,-0.197111236,-0.550208737,-0.481447555,-0.466161638,-0.770900084,-0.000613434,-0.999999995,0.562820307
0.999999985,-0.506408389,1.29E-08,0.496716075,NaN,0.320773509,-0.603569823,0.484230724,0.522806352,-0.076290033,0.368643073,0.028218192,0.460718933,-0.140210251,0.206542314,-0.567788923,-0.566326542,-0.99953187,0.991320312,0.547373904,0.388856148,0.665102737,-0.450497965,0.605773434,0.535547351,-0.483723982,-0.187749408,-0.00024457,-4.76E-09,0.379017295
NaN,0.51609913,-0.999999999,0.25098297,0.955996607,0.2734561,-0.565826648,-0.509094206,0.483374981,0.776955261,-0.772652644,0.011891,0.449524362,-0.064238716,NaN,-0.551823783,-0.558354124,0.852161054,-0.991395,0.527937677,0.371527374,0.316266026,-0.112107336,0.470801671,-0.514285428,-0.480390143,0.954274437,0.937010882,-2.26E-17,0.255239742
NaN,-0.494722019,0.896772936,0.126817823,0.6547665,0.233118499,0.469556324,0.492867487,0.446917623,0.260818302,0.333421585,0.005010806,0.438601798,0.194781059,0.180810209,NaN,-0.550493936,NaN,-7.47E-05,-0.584200549,-0.64502917,0.150389096,0.74377855,0.452823521,0.516642744,-0.477079281,0.048386758,-9.75E-05,1,0.171884837
1.54E-08,-0.483305335,0.906340389,-0.935920911,NaN,-0.495512373,-0.559806553,0.490968321,0.413209971,0.087554831,0.318033618,0.002111528,0.42794463,-0.029431604,NaN,NaN,-0.5427444,0.126041596,0.991394352,0.436543323,-0.616284441,-0.044668188,0.42302526,-0.564468111,0.503868642,0.537051161,-0.988215613,-3.89E-05,-0.999999995,0.115751555
NaN,-0.472152113,-0.906441142,NaN,0.448452606,-0.80126889,-0.349238756,-0.510923528,-0.617955365,0.029391528,0.274372121,0.000889787,0.417546411,0.089240872,0.158283942,-0.536307552,-0.535103957,-7.08E-05,0.008605642,-0.578957516,NaN,0.071512203,0.240596305,0.582641219,0.498405462,0.53334979,0.759324328,-1.55E-05,-1.08E-25,0.077949997
NaN,-0.461256274,0.092571238,0.527093603,-0.093000211,-0.422419176,0.672600274,0.482364838,-0.415356786,NaN,-0.712352461,0.000374952,-0.624810331,0.04088659,0.138564114,0.559042924,-0.527571072,0.018642584,7.47E-05,0.509191595,NaN,0.034005093,-0.86316046,-0.542913191,0.480811949,0.526208762,-0.767590555,-6.18E-06,-5.12E-34,-0.947506519
NaN,-0.450611878,0.009555857,NaN,NaN,0.316926555,-0.524800037,0.480506141,0.428652384,0.009866525,-0.614556591,0.000158003,-0.60962866,0.986515619,0.121301083,-0.456676295,-0.520144231,-1.05E-05,-0.999999352,NaN,NaN,-0.983830084,0.509076084,0.560392336,0.463839479,-0.477417883,0.184930182,0.37357636,-2.44E-42,0.361925372
NaN,0.504189128,0.000986423,0.266332266,NaN,0.270176612,-0.491982591,-0.521345393,0.396322342,-0.025610016,0.236704728,-0.999933418,-0.594815873,-0.548018093,0.10618877,-0.521227609,-0.51282194,0.002757391,-6.48E-07,0.491111151,NaN,0.532174484,-0.06376123,0.477818628,-0.51391772,-0.474127506,NaN,0.148940957,-1.16E-50,-0.756270387
NaN,-0.507446029,0.000101826,0.134573585,0.307147265,0.230322768,-0.461217327,0.480663507,-0.633569286,-0.008597098,0.204208532,0.578633213,-0.580363008,0.018732596,0.092959226,0.493428316,-0.505602728,-0.999592159,0.991319663,-0.558399814,NaN,0.253056708,0.289537851,-0.540427474,-0.49577663,-0.470859806,NaN,0.059381189,-5.51E-59,0.490708575
-5.65E-32,-0.440213122,1.05E-05,0.067997956,-0.063696275,0.63989202,-0.432375914,-0.521188633,0.414216104,-0.002885984,0.176173602,0.243833053,-0.56626132,0.008582525,-0.918622113,-0.520445946,0.525232617,0.852152137,0.008604994,-0.538572078,-0.592256529,0.120332146,0.164675124,0.480209425,-0.478275914,-0.467614627,0.045038952,0.023674654,-2.62E-67,0.330455448
NaN,0.569945662,1.09E-06,0.034358318,NaN,-0.454498668,0.630540402,-0.519180337,-0.617025117,-0.000968804,-0.530186703,0.102749991,-0.552502275,0.003932169,0.19582456,-0.505812,-0.498485145,0.999998451,7.47E-05,0.480551612,NaN,0.057219686,0.093659244,0.538993054,0.447466132,-0.464391815,-0.186943386,0.009438835,0.999999995,0.222536977
NaN,0.504264287,-0.999999888,0.017360728,NaN,0.196347779,0.591110669,-0.508954786,0.615970468,0.003312122,0.15198747,0.043298316,-0.539077548,0.001801562,0.595261995,NaN,0.517838695,0.126040277,6.48E-07,0.47367271,NaN,0.027208793,0.053268848,0.518410931,-0.461392965,0.538808786,0.010969044,0.003763164,4.76E-09,0.149861976
NaN,-0.443206956,0.896772947,0.008772108,NaN,0.167384452,0.554146605,0.49300637,-0.430487575,-0.000325221,0.542600397,0.018245687,-0.525979016,0.000825404,0.171427728,-0.491589533,-0.491467758,-0.981357611,-0.999999994,-0.53651188,NaN,0.012938177,0.030296744,0.498614762,0.431670756,0.529673928,0.95447074,0.001500334,0,0.100920809
NaN,0.567020917,-0.093569258,0.004432411,0.210366583,-0.387455416,0.519494024,-0.508893332,-0.57048753,NaN,0.468109073,0.007688639,-0.513198752,-0.25107992,0.150070379,0.522233026,0.515450842,-0.145150825,-5.63E-09,0.482538656,NaN,0.006152291,0.017231322,0.461872028,-0.583567048,0.526023401,-0.767542746,NaN,1,0.067962601
NaN,-0.446064207,0.092571239,0.002239629,0.144081046,0.142693515,-0.405338049,NaN,0.472540076,0.001111855,-0.596155651,0.003239953,-0.500729024,0.884965246,-0.868626162,0.507548831,-0.491805378,0.978531005,-0.008680342,-0.534595391,0.43413647,0.002925504,0.009800343,0.444234867,0.437032635,0.522398034,-0.997328536,0.000598167,NaN,0.045767718
NaN,-0.435770397,0,0.00113165,0.098681775,0.121644746,-0.379990948,-0.506932413,-0.398019119,-0.999626758,-0.86887825,-0.734650546,0.511437714,-0.594544403,0.239591758,0.55616457,0,0.144732746,-4.89E-11,-0.515612906,0.414789848,-0.99860888,0.005573961,-0.572728796,-0.578394442,0.518797652,0.757104914,0.000238483,-0.999999995,0.030821128